date, pm25, pm10, no2, so2, co
2025/7/1, 28, 12, 3, 1, 5
2025/7/2, 41, 22, 7, 1, 5
2025/7/3, 65, 16, 3, , 5
2025/7/4, 42, 12, 3, 1, 5
2025/7/5, 41, 14, 2, 1, 5
2025/7/6, 44, 15, 6, 1, 5
2025/7/7, 46, 8, 3, 2, 5
2025/7/8, 23, 3, 3, 2, 5
2025/7/9, 11, 5, 3, 2, 5
2025/7/10, 15, 12, 3, 2, 5
2025/7/11, 34, 9, 3, 2, 4
2025/7/12, 28, 13, 4, 2, 5
2025/7/13, 38, 15, 5, 1, 5
2025/7/14, 47, 14, 3, 2, 5
2025/7/15, 44, 11, 3, 2, 5
2025/7/16, 33, 8, 4, 2, 5
2025/7/17, 22, 10, 5, 3, 5
2025/7/18, 29, 10, 2, 2, 5
2025/7/19, 35, 11, 2, 2, 5
2025/7/20, 41, 17, 3, 2, 5
2025/7/21, 51, 9, 1, 2, 5
2025/7/22, 29, 9, 2, 2, 5
2025/4/1, 50, 13, 1, 3, 5
2025/4/2, 43, 16, 4, 3, 5
2025/4/3, 41, 15, 7, 3, 5
2025/4/4, 43, 15, 2, 3, 5
2025/4/5, 44, 14, 1, 3, 4
2025/4/6, 25, 15, 6, 3, 5
2025/4/7, 36, 13, 4, 3, 5
2025/4/8, 40, 16, 10, 3, 5
2025/4/9, 42, 10, 4, 3, 4
2025/4/10, 34, 15, 2, 3, 5
2025/4/11, 40, 12, 1, 3, 5
2025/4/12, 39, 14, 1, 3, 5
2025/4/13, 42, 16, 1, 3, 6
2025/4/14, 40, 9, 1, 3, 5
2025/4/15, 27, 21, 1, 3, 5
2025/4/16, 43, 29, 4, 3, 5
2025/4/17, 59, 15, 3, 3, 5
2025/4/18, 40, 8, 3, 3, 5
2025/4/19, 27, 14, 4, 3, 5
2025/4/20, 38, 21, 5, 3, 5
2025/4/21, 54, 25, 5, 3, 5
2025/4/22, 52, 18, 4, 3, 5
2025/4/23, 47, 17, 5, 3, 5
2025/4/24, 46, 11, 5, 4, 5
2025/4/25, 33, 9, 1, 3, 4
2025/4/26, 27, 12, 3, 3, 4
2025/4/27, 28, 12, 5, 2, 5
2025/4/28, 34, 16, 4, 3, 5
2025/4/29, 43, 20, 6, 3, 5
2025/4/30, 49, 17, 4, 3, 5
2025/5/1, 46, 19, 6, 3, 5
2025/5/2, 51, 21, 4, 3, 5
2025/5/3, 52, 12, 2, 3, 5
2025/5/4, 28, 10, 1, 4, 5
2025/5/5, 26, 12, 1, 4, 5
2025/5/6, 34, 16, 3, 4, 5
2025/5/7, 43, 13, 2, 4, 4
2025/5/8, 29, 14, 5, 4, 5
2025/5/9, 34, 12, 4, 3, 5
2025/5/10, 33, 9, 2, 4, 5
2025/5/11, 29, 11, 3, 4, 5
2025/5/12, 36, 11, 5, 4, 5
2025/5/13, 37, 14, 7, 4, 5
2025/5/14, 41, 10, 7, 4, 5
2025/5/15, 32, 7, 4, 4, 5
2025/5/16, 24, 7, 2, 4, 5
2025/5/17, 22, 4, 2, 4, 5
2025/5/18, 13, 4, 3, 4, 5
2025/5/19, 16, 7, 5, 4, 5
2025/5/20, 23, 11, 5, 4, 5
2025/5/21, 32, 12, 4, 4, 5
2025/5/22, 42, 5, 2, 4, 5
2025/5/23, 19, 9, 3, 4, 5
2025/5/24, 31, 11, 2, 4, 4
2025/5/25, 40, 12, 5, 4, 5
2025/5/26, 40, 12, 5, 4, 5
2025/5/27, 37, 14, 5, 4, 5
2025/5/28, 46, 6, 3, 4, 5
2025/5/29, 20, 11, 6, 4, 5
2025/5/30, 32, 10, 2, 3, 5
2025/5/31, 38, 13, 3, 4, 5
2025/6/1, 45, 13, 5, 4, 5
2025/6/2, 48, 9, 5, 4, 5
2025/6/3, 27, 15, 5, 4, 5
2025/6/4, 49, 20, 4, 4, 5
2025/6/5, 66, 22, 6, 4, 5
2025/6/6, 68, 20, 4, 4, 5
2025/6/7, 78, 11, 2, 4, 5
2025/6/8, 74, 7, 3, 4, 5
2025/6/9, 57, 12, 4, 4, 5
2025/6/10, 45, 14, 3, 4, 5
2025/6/11, 48, 11, 3, 4, 5
2025/6/12, 35, 12, 4, 4, 5
2025/6/13, 43, 11, 2, 4, 5
2025/6/14, 60, 14, 2, 4, 5
2025/6/15, 69, 15, 5, 4, 6
2025/6/16, 71, 9, 2, 5, 6
2025/6/17, 63, 16, 3, , 5
2025/6/18, 76, 19, 5, , 6
2025/6/19, 58, 13, 3, , 5
2025/6/20, 31, 10, 3, , 5
2025/6/21, 34, 12, 3, , 5
2025/6/22, 43, 20, 5, 1, 5
2025/6/23, 57, 12, 3, 1, 5
2025/6/24, 37, 12, 5, 1, 5
2025/6/25, 39, 17, 4, 1, 5
2025/6/26, 52, 14, 3, , 5
2025/6/27, 49, 8, 1, , 5
2025/6/28, 29, 11, 2, 1, 5
2025/6/29, 42, 12, 3, , 5
2025/6/30, 41, 9, 3, , 4
2025/1/1, 58, 17, 8, 2, 6
2025/1/2, 57, 6, 6, 2, 7
2025/1/3, 23, 5, 8, 2, 8
2025/1/4, 17, 11, 10, 2, 6
2025/1/5, 40, 8, 3, 3, 5
2025/1/6, 35, 8, 5, 3, 5
2025/1/7, 30, 4, 6, 2, 5
2025/1/8, 14, 5, 5, 3, 5
2025/1/9, 19, 5, 4, 2, 4
2025/1/10, 19, 4, 3, 2, 4
2025/1/11, 16, 4, 4, 2, 3
2025/1/12, 14, 11, 9, 1, 3
2025/1/13, 39, 18, 9, 1, 7
2025/1/14, 59, 20, 11, 2, 7
2025/1/15, 66, 12, 6, 2, 9
2025/1/16, 45, 15, 11, 1, 5
2025/1/17, 51, 26, 14, 1, 5
2025/1/18, 81, 41, 16, 2, 6
2025/1/19, 115, 36, 12, 3, 8
2025/1/20, 102, 35, 17, 2, 10
2025/1/21, 95, 16, 11, 2, 10
2025/1/22, 57, 11, 7, 4, 7
2025/1/23, 40, 17, 11, 2, 8
2025/1/24, 58, 13, 6, 2, 5
2025/1/25, 46, 11, 3, 2, 5
2025/1/26, 39, 12, 5, 3, 6
2025/1/27, 43, 11, 7, 3, 6
2025/1/28, 34, 9, 6, 3, 5
2025/1/29, 28, 11, 12, 2, 7
2025/1/30, 31, 10, 10, 2, 6
2025/1/31, 32, 10, 8, 2, 5
2025/2/1, 30, 20, 7, 2, 7
2025/2/2, 66, 17, 10, 1, 5
2025/2/3, 52, 19, 11, 2, 6
2025/2/4, 54, 25, 13, 2, 7
2025/2/5, 71, 19, 9, 2, 6
2025/2/6, 55, 26, 6, 2, 5
2025/2/7, 78, 29, 10, 2, 6
2025/2/8, 83, 24, 11, 2, 7
2025/2/9, 68, 34, 16, 2, 8
2025/2/10, 79, 31, 13, 1, 8
2025/2/11, 80, 24, 13, 2, 8
2025/2/12, 63, 22, 5, 3, 6
2025/2/13, 66, 22, 8, 3, 6
2025/2/14, 73, 11, 3, 2, 4
2025/2/15, 41, 15, 2, 2, 4
2025/2/16, 54, 22, 9, 2, 5
2025/2/17, 68, 30, 10, 2, 6
2025/2/18, 81, 30, 13, 1, 6
2025/2/19, 80, 29, 13, 2, 7
2025/2/20, 75, 33, 15, 1, 7
2025/2/21, 66, 32, 13, 2, 6
2025/2/22, 68, 35, 11, 2, 8
2025/2/23, 72, 34, 10, 2, 7
2025/2/24, 77, 45, 10, 2, 7
2025/2/25, 111, 44, 13, 2, 8
2025/2/26, 117, 36, 15, 2, 10
2025/2/27, 101, 11, 7, 2, 6
2025/2/28, 40, 11, 6, 2, 5
2025/3/1, 41, 9, 7, 2, 5
2025/3/2, 35, 15, 9, 2, 6
2025/3/3, 43, 20, 11, 2, 6
2025/3/4, 54, 26, 17, 2, 7
2025/3/5, 60, 22, 11, 2, 6
2025/3/6, 59, 30, 15, 2, 7
2025/3/7, 64, 24, 9, 2, 6
2025/3/8, 64, 29, 8, 2, 7
2025/3/9, 72, 40, 11, 3, 6
2025/3/10, 74, 14, 6, 3, 5
2025/3/11, 38, 13, 8, 3, 5
2025/3/12, 34, 10, 7, 3, 6
2025/3/13, 34, 10, 8, 3, 6
2025/3/14, 31, 5, 2, 3, 5
2025/3/15, 24, 10, 2, 3, 4
2025/3/16, 36, 10, 4, 2, 5
2025/3/17, 34, 8, 5, 2, 5
2025/3/18, 25, 18, 10, 2, 6
2025/3/19, 49, 21, 11, 2, 6
2025/3/20, 53, 24, 13, 2, 6
2025/3/21, 61, 21, 5, 3, 6
2025/3/22, 61, 13, 3, 3, 5
2025/3/23, 43, 15, 6, 3, 5
2025/3/24, 45, 14, 5, 3, 6
2025/3/25, 46, 17, 4, 3, 5
2025/3/26, 53, 28, 2, 3, 5
2025/3/27, 79, 24, 2, 3, 5
2025/3/28, 68, 25, 6, 3, 5
2025/3/29, 68, 25, 4, 3, 5
2025/3/30, 66, 14, 3, 3, 5
2025/3/31, 43, 16, 2, 3, 5
2024/10/1, 28, 13, 7, 2, 3
2024/10/2, 31, 10, 4, , 2
2024/10/3, 30, 6, 4, 2, 3
2024/10/4, 21, 6, 2, , 3
2024/10/5, 20, 5, 1, 2, 3
2024/10/6, 15, 9, 4, 2, 2
2024/10/7, 25, 11, 5, 2, 4
2024/10/8, 27, 11, 4, 2, 3
2024/10/9, 28, 10, 5, 2, 2
2024/10/10, 27, 8, 5, 2, 2
2024/10/11, 26, 12, 2, 2, 2
2024/10/12, 27, 10, 3, 2, 2
2024/10/13, 26, 8, 5, 2, 3
2024/10/14, 20, 11, 6, 2, 3
2024/10/15, 29, 15, 7, 2, 3
2024/10/16, 38, 13, 8, 2, 3
2024/10/17, 37, 16, 10, 2, 3
2024/10/18, 43, 14, 9, 2, 4
2024/10/19, 40, 16, 8, 1, 3
2024/10/20, 44, 20, 11, 1, 3
2024/10/21, 48, 23, 8, 2, 4
2024/10/22, 56, 24, 7, 2, 4
2024/10/23, 59, 17, 8, 1, 3
2024/10/24, 41, 26, 11, 2, 4
2024/10/25, 55, 23, 8, 2, 5
2024/10/26, 57, 28, 4, 4, 4
2024/10/27, 63, 28, 9, 2, 4
2024/10/28, 61, 18, 9, 2, 4
2024/10/29, 45, 19, 8, , 4
2024/10/30, 48, 11, 6, 2, 3
2024/10/31, 26, 17, 7, 2, 4
2024/11/1, 42, 14, 6, 2, 3
2024/11/2, 42, 13, 6, 1, 3
2024/11/3, 39, 14, 8, 2, 4
2024/11/4, 41, 20, 10, 1, 4
2024/11/5, 52, 26, 12, 2, 6
2024/11/6, 62, 31, 13, 1, 6
2024/11/7, 72, 32, 13, 2, 6
2024/11/8, 77, 28, 12, 2, 6
2024/11/9, 76, 27, 10, 2, 6
2024/11/10, 77, 37, 16, 2, 7
2024/11/11, 86, 28, 11, 2, 6
2024/11/12, 73, 35, 9, 2, 5
2024/11/13, 93, 14, 6, 2, 4
2024/11/14, 44, 17, 10, 2, 5
2024/11/15, 49, 20, 8, 2, 4
2024/11/16, 61, 13, 6, 2, 4
2024/11/17, 41, 9, 7, 2, 4
2024/11/18, 35, 8, 7, 3, 3
2024/11/19, 26, 12, 5, 4, 3
2024/11/20, 47, 6, 7, 3, 5
2024/11/21, 17, 9, 9, 3, 4
2024/11/22, 36, 8, 6, 2, 4
2024/11/23, 31, 8, 3, 2, 4
2024/11/24, 28, 22, 9, 2, 5
2024/11/25, 71, 13, 8, 2, 8
2024/11/26, 48, 16, 14, 2, 9
2024/11/27, 52, 7, 6, 3, 5
2024/11/28, 28, 6, 5, 2, 5
2024/11/29, 25, 12, 3, 2, 4
2024/11/30, 49, 11, 7, 2, 4
2024/12/1, 40, 19, 12, 2, 5
2024/12/2, 57, 15, 10, 2, 5
2024/12/3, 56, 20, 10, 2, 6
2024/12/4, 66, 22, 9, 2, 6
2024/12/5, 73, 9, 6, 2, 5
2024/12/6, 34, 12, 6, 2, 5
2024/12/7, 49, 6, 4, 2, 4
2024/12/8, 26, 8, 4, 2, 4
2024/12/9, 36, 5, 4, 2, 4
2024/12/10, 21, 9, 6, 2, 3
2024/12/11, 37, 17, 8, 2, 4
2024/12/12, 62, 13, 7, 2, 3
2024/12/13, 49, 12, 8, 3, 3
2024/12/14, 45, 8, 5, 2, 6
2024/12/15, 31, 3, 3, 2, 7
2024/12/16, 12, 4, 3, 2, 6
2024/12/17, 13, 10, 9, 2, 9
2024/12/18, 39, 15, 9, 3, 5
2024/12/19, 54, 8, 6, 2, 4
2024/12/20, 34, 8, 12, , 5
2024/12/21, 25, 7, 5, 2, 6
2024/12/22, 26, 11, 7, 5, 4
2024/12/23, 40, 6, 1, 2, 3
2024/12/24, 25, 9, 1, 1, 3
2024/12/25, 36, 19, 13, 1, 5
2024/12/26, 56, 29, 16, 1, 7
2024/12/27, 75, 27, 17, 1, 8
2024/12/28, 74, 35, 14, 1, 9
2024/12/29, 98, , , , 
2024/7/1, 39, 7, 2, 4, 3
2024/7/2, 23, 10, 2, 4, 3
2024/7/3, 27, 10, 1, 2, 3
2024/7/4, 35, 5, 2, 3, 3
2024/7/5, 17, 11, 3, 2, 3
2024/7/6, 34, 18, 2, 3, 4
2024/7/7, 50, 18, 3, 2, 4
2024/7/8, 53, 21, 1, 3, 4
2024/7/9, 54, 29, 2, 3, 4
2024/7/10, 71, 26, 5, 3, 4
2024/7/11, 64, 23, 3, 4, 4
2024/7/12, 59, 23, 3, 5, 4
2024/7/13, 62, 17, 1, 7, 4
2024/7/14, 50, 19, 1, 8, 4
2024/7/15, 51, 25, 3, 8, 5
2024/7/16, 65, 16, 4, 15, 4
2024/7/17, 52, 16, 3, 6, 4
2024/7/18, 48, 19, 2, 8, 4
2024/7/19, 54, 14, 2, 9, 3
2024/7/20, 48, 16, 2, , 4
2024/7/21, 52, 18, 2, , 3
2024/7/22, 58, 14, 3, 4, 3
2024/7/23, 52, 10, 2, 5, 3
2024/7/24, 37, 9, 2, 7, 3
2024/7/25, 28, 12, 2, 5, 3
2024/7/26, 39, 15, 1, 4, 3
2024/7/27, 51, 14, 2, 5, 3
2024/7/28, 46, 8, 2, 5, 3
2024/7/29, 25, 9, 3, 6, 3
2024/7/30, 28, 14, 2, 6, 3
2024/7/31, 43, 18, 3, 8, 3
2024/8/1, 51, 17, 2, 8, 3
2024/8/2, 53, 7, 1, 9, 3
2024/8/3, 24, 9, 2, 8, 3
2024/8/4, 27, 8, 2, 6, 3
2024/8/5, 25, 9, 3, 4, 3
2024/8/6, 24, 14, 2, 5, 3
2024/8/7, 42, 14, 3, 4, 3
2024/8/8, 42, 13, 3, 4, 3
2024/8/9, 43, 13, 3, 4, 4
2024/8/10, 43, 12, 2, 3, 4
2024/8/11, 45, 15, 1, 2, 4
2024/8/12, 51, 17, 5, 4, 4
2024/8/13, 51, 17, 3, 4, 4
2024/8/14, 54, 18, 5, 3, 4
2024/8/15, 53, 20, 2, 3, 4
2024/8/16, 62, 18, 2, 4, 4
2024/8/17, 58, 16, 2, 5, 4
2024/8/18, 55, 15, 3, 3, 4
2024/8/19, 48, 12, , 4, 4
2024/8/20, 39, 15, 4, 5, 4
2024/8/21, 47, 13, 3, 3, 4
2024/8/22, 35, 13, 2, 1, 3
2024/8/23, 37, 19, 4, 2, 4
2024/8/24, 55, 21, 4, 2, 4
2024/8/25, 66, 16, 2, 2, 4
2024/8/26, 51, 20, 2, 2, 4
2024/8/27, 58, 25, 4, 2, 4
2024/8/28, 67, 23, 3, 3, 4
2024/8/29, 64, 26, 4, 3, 4
2024/8/30, 66, 24, 2, 3, 4
2024/8/31, 64, 23, 2, 3, 4
2024/9/1, 64, 17, 5, 3, 4
2024/9/2, 54, 21, 4, 3, 4
2024/9/3, 56, 25, 4, 3, 4
2024/9/4, 61, 27, 3, 4, 4
2024/9/5, 53, 27, 5, 4, 4
2024/9/6, 51, 25, 5, 3, 4
2024/9/7, 50, 28, 4, 4, 4
2024/9/8, 60, 23, 7, 4, 4
2024/9/9, 45, 9, 5, 4, 3
2024/9/10, 25, 9, 5, 4, 2
2024/9/11, 25, 11, 4, 4, 2
2024/9/12, 30, 15, 4, 4, 2
2024/9/13, 46, 5, 2, 5, 2
2024/9/14, 15, 4, 1, 5, 2
2024/9/15, 13, 8, 2, 5, 2
2024/9/16, 21, 30, 4, 4, 3
2024/9/17, 48, 27, 5, 4, 2
2024/9/18, 58, 17, 3, 4, 2
2024/9/19, 45, 19, 5, 2, 2
2024/9/20, 47, 16, 5, 1, 2
2024/9/21, 44, 15, 4, 1, 2
2024/9/22, 44, 20, 8, 1, 2
2024/9/23, 49, 25, 8, 2, 2
2024/9/24, 55, 10, 6, 2, 2
2024/9/25, 28, 11, 3, 2, 2
2024/9/26, 28, 12, 7, 1, 2
2024/9/27, 28, 9, 2, 2, 2
2024/9/28, 31, 6, 1, 1, 2
2024/9/29, 21, 8, 5, 1, 2
2024/9/30, 20, 11, 6, 1, 2
2024/4/1, 110, 29, 3, 6, 3
2024/4/2, 55, 6, 3, 4, 4
2024/4/3, 16, 9, 10, 4, 4
2024/4/4, 21, 7, 4, 4, 4
2024/4/5, 25, 10, 3, 3, 4
2024/4/6, 33, 13, 4, 3, 4
2024/4/7, 43, 18, 5, 3, 4
2024/4/8, 50, 21, 7, 4, 3
2024/4/9, 47, 20, 4, 3, 3
2024/4/10, 40, 19, 2, 2, 3
2024/4/11, 51, 20, 4, 2, 3
2024/4/12, 56, 16, 3, 3, 3
2024/4/13, 43, 17, 3, 3, 3
2024/4/14, 45, 17, 6, 5, 3
2024/4/15, 36, 6, 4, 6, 3
2024/4/16, 14, 7, 4, 6, 3
2024/4/17, 20, 7, 2, 5, 3
2024/4/18, 21, 6, 3, 5, 3
2024/4/19, 18, 5, 3, 5, 3
2024/4/20, 13, 5, 1, 5, 3
2024/4/21, 16, 7, 3, 4, 3
2024/4/22, 26, 12, 1, 5, 3
2024/4/23, 44, 12, 2, 6, 4
2024/4/24, 41, 8, 3, 6, 4
2024/4/25, 29, 8, 4, 5, 4
2024/4/26, 26, 12, 3, 5, 4
2024/4/27, 41, 14, 7, 4, 4
2024/4/28, 48, 20, 6, 3, 4
2024/4/29, 55, 18, 5, 3, 3
2024/4/30, 45, 17, 6, 3, 3
2024/5/1, 40, 19, 5, 5, 4
2024/5/2, 40, 16, 4, 4, 3
2024/5/3, 40, 16, 2, 4, 3
2024/5/4, 44, 17, 2, 4, 3
2024/5/5, 46, 15, 5, 4, 3
2024/5/6, 42, 10, 1, 6, 4
2024/5/7, 32, 10, 1, 4, 3
2024/5/8, 29, 12, 4, 4, 3
2024/5/9, 30, 16, 2, 3, 3
2024/5/10, 45, 14, 1, 4, 3
2024/5/11, 43, 9, 1, 4, 3
2024/5/12, 25, 10, 3, 4, 3
2024/5/13, 24, 11, 4, 4, 3
2024/5/14, 26, 13, 4, 4, 3
2024/5/15, 29, 16, 4, 3, 3
2024/5/16, 37, 17, 3, 5, 3
2024/5/17, 38, 9, 1, 5, 3
2024/5/18, 33, 11, 3, 5, 3
2024/5/19, 33, 14, 3, 5, 3
2024/5/20, 43, 14, 2, 5, 4
2024/5/21, 44, 15, 4, 5, 4
2024/5/22, 40, 8, 2, 5, 3
2024/5/23, 25, 15, 4, 5, 3
2024/5/24, 43, 12, 4, 4, 3
2024/5/25, 34, 11, 2, 4, 3
2024/5/26, 38, 13, 2, 4, 3
2024/5/27, 40, 15, 4, 4, 3
2024/5/28, 45, 20, 1, 3, 3
2024/5/29, 50, 17, 3, 2, 3
2024/5/30, 44, 12, 2, 2, 3
2024/5/31, 36, 7, , 2, 3
2024/6/1, 23, 5, 2, 1, 3
2024/6/2, 18, 9, 2, 1, 3
2024/6/3, 29, 5, 3, 2, 4
2024/6/4, 18, 10, 3, 2, 3
2024/6/5, 31, 12, 3, 1, 3
2024/6/6, 38, 9, 2, 1, 4
2024/6/7, 29, 15, 1, 1, 4
2024/6/8, 46, 11, 2, 2, 4
2024/6/9, 35, 11, 5, 3, 4
2024/6/10, 27, 10, 2, 3, 3
2024/6/11, 29, 11, , 2, 3
2024/6/12, 30, 9, 1, 2, 3
2024/6/13, 27, 9, 3, 2, 3
2024/6/14, 23, 13, 1, 2, 3
2024/6/15, 39, 13, 2, 2, 3
2024/6/16, 45, 9, 1, 1, 3
2024/6/17, 31, 16, 2, 1, 3
2024/6/18, 49, 26, 4, 1, 4
2024/6/19, 69, 10, 1, 1, 3
2024/6/20, 31, 26, 2, 1, 3
2024/6/21, 56, 26, 2, , 4
2024/6/22, 55, 12, , 1, 3
2024/6/23, 36, 14, 3, 1, 3
2024/6/24, 41, 10, 5, 1, 3
2024/6/25, 32, 16, 2, 1, 3
2024/6/26, 43, 19, 2, 1, 4
2024/6/27, 49, 18, 2, 2, 3
2024/6/28, 47, 19, 2, , 4
2024/6/29, 54, 22, 3, 1, 4
2024/6/30, 58, 14, 2, 1, 4
2024/1/1, 49, 7, 9, 2, 6
2024/1/2, 24, 3, 4, 3, 5
2024/1/3, 14, 3, 3, 3, 6
2024/1/4, 14, 5, 7, 1, 7
2024/1/5, 20, 14, 4, 2, 8
2024/1/6, 50, 8, 2, 2, 4
2024/1/7, 34, 15, 5, 1, 4
2024/1/8, 57, 25, 17, 1, 6
2024/1/9, 76, 39, 27, 3, 8
2024/1/10, 91, 19, 13, 1, 8
2024/1/11, 61, 15, 14, 1, 4
2024/1/12, 55, 8, 8, 1, 4
2024/1/13, 31, 8, 6, 3, 5
2024/1/14, 30, 7, 7, 3, 4
2024/1/15, 30, 7, 9, 2, 5
2024/1/16, 28, 9, 11, 2, 6
2024/1/17, 34, 15, 11, 5, 9
2024/1/18, 49, 11, 8, 2, 3
2024/1/19, 42, 9, 8, , 5
2024/1/20, 31, 15, 10, , 6
2024/1/21, 48, 10, 7, , 4
2024/1/22, 28, 13, 7, 1, 5
2024/1/23, 46, 6, 5, 1, 5
2024/1/24, 22, 6, 4, 2, 3
2024/1/25, 21, 6, 7, 1, 4
2024/1/26, 23, 5, 5, 1, 3
2024/1/27, 18, 11, 12, , 3
2024/1/28, 39, 16, 15, , 6
2024/1/29, 53, 19, 15, , 7
2024/1/30, 61, 35, 17, , 6
2024/1/31, 92, 26, 12, 1, 6
2024/2/1, 79, 12, 10, 1, 6
2024/2/2, 36, 7, 4, 2, 7
2024/2/3, 28, 3, 2, 2, 5
2024/2/4, 13, 4, 3, 3, 4
2024/2/5, 16, 10, 3, 3, 4
2024/2/6, 31, 7, 3, 3, 4
2024/2/7, 23, 6, 1, 4, 4
2024/2/8, 27, 12, 7, 4, 6
2024/2/9, 38, 9, 3, 5, 5
2024/2/10, 29, 8, 4, 5, 4
2024/2/11, 31, 5, 4, 5, 5
2024/2/12, 20, 12, 7, 2, 4
2024/2/13, 35, 18, 11, 1, 4
2024/2/14, 47, 25, 12, 2, 6
2024/2/15, 65, 25, 10, 1, 5
2024/2/16, 66, 19, 8, 1, 6
2024/2/17, 62, 14, 7, 1, 4
2024/2/18, 49, 13, 7, 1, 5
2024/2/19, 43, 6, 4, 2, 6
2024/2/20, 21, 7, 6, 2, 4
2024/2/21, 21, 15, 6, 6, 5
2024/2/22, 41, 5, 6, 4, 3
2024/2/23, 22, 12, 6, 4, 4
2024/2/24, 41, 8, 3, 3, 4
2024/2/25, 27, 14, 12, 4, 4
2024/2/26, 48, 21, 5, 3, 4
2024/2/27, 59, 28, 10, 3, 6
2024/2/28, 65, 34, 9, 3, 6
2024/2/29, 73, 35, 15, 4, 6
2024/3/1, 74, 22, 5, 5, 5
2024/3/2, 60, 16, 3, 5, 4
2024/3/3, 50, 23, 6, 6, 5
2024/3/4, 61, 21, 5, 5, 5
2024/3/5, 59, 17, 1, 4, 4
2024/3/6, 54, 16, 1, , 4
2024/3/7, 51, 24, 5, 5, 4
2024/3/8, 72, 19, 4, 3, 5
2024/3/9, 61, 15, 2, 4, 5
2024/3/10, 54, 21, 10, 4, 4
2024/3/11, 64, 14, 3, 5, 4
2024/3/12, 48, 9, 4, 3, 4
2024/3/13, 27, 19, 7, 3, 4
2024/3/14, 58, 19, 6, 3, 4
2024/3/15, 55, 21, 8, 3, 5
2024/3/16, 64, 7, 4, 3, 4
2024/3/17, 28, 12, 3, 3, 3
2024/3/18, 37, 11, 4, 2, 3
2024/3/19, 36, 18, 5, 2, 4
2024/3/20, 53, 26, 8, 3, 5
2024/3/21, 65, 25, 6, 3, 5
2024/3/22, 67, 16, 3, 4, 4
2024/3/23, 50, 5, 4, 5, 3
2024/3/24, 14, 6, 3, 5, 4
2024/3/25, 16, 14, 5, 4, 5
2024/3/26, 33, 14, 6, 5, 4
2024/3/27, 36, 23, 3, 6, 3
2024/3/28, 37, 6, 1, 4, 3
2024/3/29, 17, 57, 3, 4, 3
2024/3/30, 76, 47, 5, 4, 3
2024/3/31, 66, 90, 2, 4, 3
2023/10/1, 29, 15, 6, 4, 2
2023/10/2, 32, 16, 5, 4, 2
2023/10/3, 43, 11, 3, 4, 2
2023/10/4, 31, 11, 5, 4, 2
2023/10/5, 31, 14, 7, 4, 2
2023/10/6, 38, 12, 2, 5, 3
2023/10/7, 31, 8, 2, 5, 2
2023/10/8, 23, 9, 8, 5, 2
2023/10/9, 27, 13, 5, 5, 3
2023/10/10, 36, 17, 4, 5, 4
2023/10/11, 53, 24, 5, 7, 4
2023/10/12, 55, 18, 5, 5, 3
2023/10/13, 43, 22, 3, 6, 2
2023/10/14, 51, 8, 3, 6, 2
2023/10/15, 22, 8, 5, 5, 2
2023/10/16, 20, 15, 9, 5, 2
2023/10/17, 39, 18, 10, 5, 3
2023/10/18, 48, 16, 6, 7, 5
2023/10/19, 49, 22, 6, 8, 3
2023/10/20, 52, 24, 3, 7, 2
2023/10/21, 46, 9, 2, 7, 2
2023/10/22, 27, 11, 8, 6, 2
2023/10/23, 32, 16, 7, 7, 3
2023/10/24, 35, 11, 7, 8, 3
2023/10/25, 29, 12, 7, 8, 3
2023/10/26, 27, 7, 7, 4, 3
2023/10/27, 23, 4, 3, 1, 2
2023/10/28, 13, 8, 4, , 3
2023/10/29, 22, 11, 7, , 3
2023/10/30, 24, 13, 6, 2, 3
2023/10/31, 35, 5, 3, , 3
2023/11/1, 15, 11, 5, 2, 3
2023/11/2, 27, 10, 5, 3, 2
2023/11/3, 32, 5, 4, 2, 2
2023/11/4, 12, 4, 4, 3, 2
2023/11/5, 16, 5, 4, 1, 3
2023/11/6, 12, 17, 11, , 4
2023/11/7, 39, 9, 6, , 3
2023/11/8, 25, 11, 8, , 3
2023/11/9, 29, 14, 8, 2, 3
2023/11/10, 36, 11, 5, 2, 3
2023/11/11, 35, 6, 4, 1, 3
2023/11/12, 16, 15, 11, 1, 4
2023/11/13, 46, 6, 3, 1, 5
2023/11/14, 13, 4, 5, 1, 5
2023/11/15, 13, 9, 10, , 4
2023/11/16, 24, 6, 5, 1, 3
2023/11/17, 15, 8, 6, , 2
2023/11/18, 28, 10, 5, , 3
2023/11/19, 34, 10, 9, 1, 5
2023/11/20, 29, 12, 10, 1, 6
2023/11/21, 30, 13, 4, , 3
2023/11/22, 40, 7, 5, , 4
2023/11/23, 24, 4, 4, 2, 4
2023/11/24, 14, 10, 9, 2, 4
2023/11/25, 33, 9, 8, 1, 3
2023/11/26, 33, 11, 10, 1, 5
2023/11/27, 40, 17, 10, 3, 5
2023/11/28, 66, 9, 8, 1, 4
2023/11/29, 36, 11, 8, 2, 5
2023/11/30, 42, 24, 13, 2, 6
2023/12/1, 74, 14, 6, 2, 7
2023/12/2, 55, 10, 8, 1, 5
2023/12/3, 43, 20, 17, , 7
2023/12/4, 70, 23, 12, , 6
2023/12/5, 66, 36, 27, , 6
2023/12/6, 103, 36, 14, , 8
2023/12/7, 110, 28, 17, , 6
2023/12/8, 71, 27, 17, , 7
2023/12/9, 72, 12, 6, 2, 5
2023/12/10, 48, 10, 9, 1, 5
2023/12/11, 40, 9, 11, 1, 7
2023/12/12, 32, 21, 19, 2, 7
2023/12/13, 66, 22, 18, 2, 8
2023/12/14, 71, 14, 13, , 6
2023/12/15, 52, 10, 8, , 6
2023/12/16, 37, 16, 8, , 7
2023/12/17, 55, 21, 11, , 5
2023/12/18, 63, 19, 9, , 5
2023/12/19, 64, 12, 9, 1, 6
2023/12/20, 44, 5, 7, 3, 6
2023/12/21, 20, 3, 5, 4, 3
2023/12/22, 14, 3, 5, 3, 4
2023/12/23, 13, 3, 3, 2, 6
2023/12/24, 15, 2, 3, 2, 10
2023/12/25, 15, 4, 2, 1, 7
2023/12/26, 17, 7, 6, , 8
2023/12/27, 23, 12, 9, , 10
2023/12/28, 43, 12, 8, 1, 7
2023/12/29, 41, 4, 4, 1, 7
2023/12/30, 16, 11, 8, 1, 8
2023/12/31, 42, 13, 4, 2, 7
2023/7/1, 65, 15, 2, 1, 4
2023/7/2, 55, 15, 4, 1, 3
2023/7/3, 48, 22, 6, , 5
2023/7/4, 61, 16, 1, , 4
2023/7/5, 50, 13, 2, , 4
2023/7/6, 42, 19, 3, , 3
2023/7/7, 49, 15, 2, , 3
2023/7/8, 50, 18, 3, 1, 3
2023/7/9, 59, 21, 4, , 3
2023/7/10, 65, 15, 3, , 4
2023/7/11, 53, 17, 5, , 4
2023/7/12, 52, 12, 4, 3, 4
2023/7/13, 41, 13, 3, 3, 4
2023/7/14, 41, 19, 4, 3, 4
2023/7/15, 58, 23, 2, 3, 4
2023/7/16, 69, 25, 4, 3, 4
2023/7/17, 67, 15, 2, 4, 4
2023/7/18, 45, 17, 4, 4, 4
2023/7/19, 52, 18, 4, 5, 4
2023/7/20, 53, 14, 5, 5, 4
2023/7/21, 41, 11, 3, 4, 4
2023/7/22, 41, 11, 2, 4, 4
2023/7/23, 44, 20, 7, 5, 5
2023/7/24, 65, 14, 4, 6, 4
2023/7/25, 47, 8, 3, 6, 4
2023/7/26, 22, 7, 3, 6, 3
2023/7/27, 25, 9, 5, 6, 4
2023/7/28, 29, 9, 2, 5, 4
2023/7/29, 32, 8, 2, 6, 4
2023/7/30, 28, 10, 2, 3, 4
2023/7/31, 35, 13, 5, 1, 4
2023/8/1, 38, 7, 2, 1, 4
2023/8/2, 25, 9, 4, 2, 4
2023/8/3, 32, 10, 3, 1, 4
2023/8/4, 36, 12, 2, 1, 4
2023/8/5, 42, 5, 2, 3, 4
2023/8/6, 19, 4, 3, 2, 4
2023/8/7, 15, 6, 2, 1, 3
2023/8/8, 15, 8, 7, 1, 3
2023/8/9, 25, 8, 2, 1, 4
2023/8/10, 27, 12, 3, , 4
2023/8/11, 42, 14, 2, 1, 3
2023/8/12, 47, 18, 3, , 4
2023/8/13, 56, 20, 5, 1, 4
2023/8/14, 60, 21, 5, 1, 4
2023/8/15, 60, 22, 5, 1, 4
2023/8/16, 65, 19, 6, 1, 4
2023/8/17, 52, 18, 5, 1, 4
2023/8/18, 53, 19, 3, 1, 4
2023/8/19, 62, 19, 2, 1, 4
2023/8/20, 60, 22, 3, 1, 4
2023/8/21, 68, 23, 3, 1, 4
2023/8/22, 67, 18, 4, 1, 5
2023/8/23, 58, 24, 3, 2, 5
2023/8/24, 71, 23, 6, 2, 4
2023/8/25, 66, 24, 5, 2, 4
2023/8/26, 64, 28, 3, 3, 4
2023/8/27, 76, 30, 5, 3, 4
2023/8/28, 77, 21, 4, 4, 4
2023/8/29, 61, 12, 2, 4, 4
2023/8/30, 43, 5, 3, 4, 4
2023/8/31, 17, 9, 4, 3, 4
2023/9/1, 21, 8, 2, 3, 4
2023/9/2, 26, 9, 3, 3, 4
2023/9/3, 31, 10, 2, 2, 4
2023/9/4, 33, 12, 6, 2, 4
2023/9/5, 32, 13, 5, 2, 4
2023/9/6, 38, 18, 4, 3, 3
2023/9/7, 51, 21, 7, 2, 2
2023/9/8, 55, 17, 3, 3, 2
2023/9/9, 54, 20, 3, 3, 2
2023/9/10, 58, 23, 5, 3, 2
2023/9/11, 58, 28, 6, 4, 2
2023/9/12, 60, 33, 9, 4, 2
2023/9/13, 70, 14, 6, 4, 2
2023/9/14, 43, 9, 2, 3, 2
2023/9/15, 23, 10, 4, 3, 2
2023/9/16, 29, 13, 5, 3, 2
2023/9/17, 38, 19, 7, 4, 2
2023/9/18, 55, 11, 5, 5, 3
2023/9/19, 35, 9, 6, 4, 2
2023/9/20, 27, 14, 7, 4, 2
2023/9/21, 35, 23, 5, 5, 2
2023/9/22, 54, 15, 2, 4, 2
2023/9/23, 36, 4, 1, 3, 2
2023/9/24, 15, 10, 2, 3, 2
2023/9/25, 34, 22, 5, 3, 
2023/9/26, 50, 27, 9, 3, 
2023/9/27, 59, 25, 8, 4, 3
2023/9/28, 60, 24, 8, 4, 2
2023/9/29, 55, 21, 6, 4, 2
2023/9/30, 55, 11, 3, 3, 2
2023/4/1, 24, 7, 4, 4, 4
2023/4/2, 27, 5, 2, 3, 3
2023/4/3, 23, 10, 1, 3, 3
2023/4/4, 41, 13, 3, 4, 3
2023/4/5, 41, 21, 10, 4, 4
2023/4/6, 66, 14, 4, 4, 3
2023/4/7, 54, 11, 2, 3, 4
2023/4/8, 44, 15, 5, 3, 4
2023/4/9, 58, 16, 3, 3, 4
2023/4/10, 57, 14, 6, 4, 3
2023/4/11, 51, 7, 4, 5, 3
2023/4/12, 28, 15, 9, 5, 5
2023/4/13, 45, 20, 8, 6, 4
2023/4/14, 57, 6, 3, 5, 3
2023/4/15, 20, 7, 2, 4, 3
2023/4/16, 29, 7, 3, 5, 4
2023/4/17, 27, 11, 1, 5, 3
2023/4/18, 36, 19, 3, 5, 3
2023/4/19, 57, 21, 5, 5, 3
2023/4/20, 57, 25, 6, 4, 3
2023/4/21, 62, 17, 5, 5, 3
2023/4/22, 55, 20, 6, 5, 3
2023/4/23, 60, 22, 10, 6, 4
2023/4/24, 61, 7, 5, 6, 3
2023/4/25, 26, 11, 4, 5, 3
2023/4/26, 45, 15, 6, 5, 3
2023/4/27, 50, 18, 6, 4, 3
2023/4/28, 55, 15, 3, 5, 4
2023/4/29, 49, 12, 2, 5, 3
2023/4/30, 64, 12, 4, 5, 3
2023/5/1, 53, 16, 8, 5, 4
2023/5/2, 41, 9, 2, 4, 4
2023/5/3, 48, 14, 2, 5, 3
2023/5/4, 50, 14, 4, 5, 3
2023/5/5, 42, 15, 4, 5, 4
2023/5/6, 50, 11, 1, 5, 4
2023/5/7, 40, 9, 1, 4, 3
2023/5/8, 43, 12, 3, 4, 4
2023/5/9, 38, 15, 6, 5, 4
2023/5/10, 37, 15, 6, 5, 4
2023/5/11, 38, 18, 6, 5, 3
2023/5/12, 47, 14, 3, 5, 3
2023/5/13, 41, 12, 3, 5, 3
2023/5/14, 38, 6, 4, 6, 3
2023/5/15, 19, 11, 5, 6, 4
2023/5/16, 35, 7, 6, 6, 4
2023/5/17, 27, 4, 2, 5, 3
2023/5/18, 14, 10, 2, 5, 3
2023/5/19, 34, 15, 1, 5, 4
2023/5/20, 50, 19, 2, 5, 3
2023/5/21, 51, 16, 3, 6, 3
2023/5/22, 42, 19, 5, 6, 4
2023/5/23, 52, 12, 3, 6, 3
2023/5/24, 42, 18, 2, 5, 4
2023/5/25, 58, 26, 2, 6, 4
2023/5/26, 73, 18, 1, 5, 3
2023/5/27, 50, 13, 1, 6, 3
2023/5/28, 41, 19, 3, 6, 3
2023/5/29, 52, 21, 3, 6, 3
2023/5/30, 58, 20, 3, 6, 3
2023/5/31, 55, 19, 3, 7, 3
2023/6/1, 53, 24, 2, 7, 3
2023/6/2, 63, 12, 1, 6, 3
2023/6/3, 35, 14, 2, 7, 3
2023/6/4, 42, 19, 4, 6, 3
2023/6/5, 50, 18, 7, 7, 4
2023/6/6, 55, 8, 3, 7, 4
2023/6/7, 30, 13, 3, 7, 4
2023/6/8, 46, 20, 4, 7, 4
2023/6/9, 56, 15, 1, 8, 4
2023/6/10, 46, 9, , 7, 3
2023/6/11, 34, 11, 1, 4, 3
2023/6/12, 36, 9, 2, 1, 3
2023/6/13, 28, 11, 3, 1, 3
2023/6/14, 34, 13, 2, 1, 3
2023/6/15, 42, 19, 3, 1, 3
2023/6/16, 62, 22, 3, 2, 3
2023/6/17, 67, 15, 2, 1, 4
2023/6/18, 52, 15, 3, 1, 3
2023/6/19, 49, 22, 4, , 4
2023/6/20, 66, 25, 4, , 4
2023/6/21, 71, 20, 2, , 4
2023/6/22, 61, 34, 5, 1, 5
2023/6/23, 83, 14, 2, , 4
2023/6/24, 40, 14, 1, 1, 4
2023/6/25, 46, 19, 3, 1, 4
2023/6/26, 59, 14, 3, 1, 3
2023/6/27, 44, 9, 2, 1, 3
2023/6/28, 23, 9, 2, 1, 3
2023/6/29, 35, 15, 4, 2, 3
2023/6/30, 48, 21, 4, 1, 4
2023/1/2, 71, 24, 12, , 4
2023/1/3, 68, 13, 8, 1, 3
2023/1/4, 46, 4, 3, 2, 2
2023/1/5, 16, 7, 4, 1, 4
2023/1/6, 26, 15, 8, 1, 4
2023/1/7, 56, 11, 6, 2, 3
2023/1/8, 42, 11, 6, 4, 
2023/1/9, 44, 10, 8, 3, 
2023/1/10, 44, 16, 11, 2, 3
2023/1/11, 58, 20, 12, 2, 4
2023/1/12, 64, 8, 6, 2, 2
2023/1/13, 30, 9, 6, 2, 3
2023/1/14, 38, 6, 4, 3, 1
2023/1/15, 28, 9, 7, 5, 3
2023/1/16, 38, 9, 9, 5, 2
2023/1/17, 36, 7, 9, 6, 3
2023/1/18, 29, 10, 7, 4, 4
2023/1/19, 42, 13, 6, 4, 3
2023/1/20, 53, 14, 6, 3, 2
2023/1/21, 53, 22, 8, 2, 4
2023/1/22, 74, 16, 9, 1, 5
2023/1/23, 58, 16, 5, 1, 4
2023/1/24, 60, 10, 3, 2, 2
2023/1/25, 38, 16, 8, 3, 3
2023/1/26, 58, 23, 5, 4, 2
2023/1/27, 77, 18, 3, 3, 2
2023/1/28, 68, 24, 8, 3, 3
2023/1/29, 80, 19, 10, 4, 5
2023/1/30, 62, 5, 5, 4, 5
2023/1/31, 22, 5, 5, 4, 4
2023/2/1, 23, 5, 4, 4, 3
2023/2/2, 18, 7, 7, 4, 2
2023/2/3, 28, 5, 3, 3, 2
2023/2/4, 31, 15, 10, 2, 1
2023/2/5, 51, 23, 12, 1, 2
2023/2/6, 80, 23, 13, 1, 4
2023/2/7, 72, 22, 14, 1, 4
2023/2/8, 76, 28, 25, 1, 8
2023/2/9, 80, 38, 23, 1, 7
2023/2/10, 108, 33, 14, 3, 7
2023/2/11, 97, 22, 10, 2, 5
2023/2/12, 76, 15, 11, 2, 5
2023/2/13, 53, 18, 12, 2, 4
2023/2/14, 65, 25, 17, 2, 4
2023/2/15, 77, 41, 23, 3, 6
2023/2/16, 109, 27, 12, 4, 7
2023/2/17, 81, 5, 2, 5, 5
2023/2/18, 20, 3, 2, 4, 2
2023/2/19, 16, 7, 3, 4, 3
2023/2/20, 21, 6, 3, 5, 4
2023/2/21, 19, 16, 8, 5, 3
2023/2/22, 41, 30, 11, 5, 4
2023/2/23, 69, 15, 6, 6, 4
2023/2/24, 43, 6, 3, 7, 2
2023/2/25, 21, 7, 2, 5, 3
2023/2/26, 29, 9, 1, 4, 1
2023/2/27, 33, 18, 8, 3, 3
2023/2/28, 59, 27, 11, 4, 4
2023/3/1, 76, 27, 14, 4, 4
2023/3/2, 69, 34, 13, 5, 4
2023/3/3, 89, 24, 7, 5, 4
2023/3/4, 71, 12, 6, 6, 2
2023/3/5, 44, 10, 5, 6, 2
2023/3/6, 35, 20, 8, 3, 3
2023/3/7, 60, 13, 5, 2, 2
2023/3/8, 46, 5, 5, 3, 2
2023/3/9, 22, 7, 5, 4, 3
2023/3/10, 25, 3, 2, 4, 1
2023/3/11, 15, 5, 4, 1, 2
2023/3/12, 21, 11, 5, 2, 2
2023/3/13, 35, 14, 5, 4, 2
2023/3/14, 45, 8, 5, 3, 2
2023/3/15, 28, 12, 4, 1, 2
2023/3/16, 38, 19, 11, 1, 3
2023/3/17, 54, 14, 9, 1, 4
2023/3/18, 44, 16, 7, 1, 3
2023/3/19, 48, 23, 9, 1, 3
2023/3/20, 63, 20, 8, , 4
2023/3/21, 63, 17, 8, , 3
2023/3/22, 54, 18, 8, 3, 4
2023/3/23, 52, 23, 7, 8, 5
2023/3/24, 60, 9, 2, 5, 5
2023/3/25, 34, 5, 3, 4, 5
2023/3/26, 18, 7, 5, 5, 5
2023/3/27, 25, 6, 4, 4, 4
2023/3/28, 24, 9, 7, 3, 4
2023/3/29, 32, 15, 8, 4, 6
2023/3/30, 46, 12, 5, 5, 6
2023/3/31, 41, 7, 2, 5, 5
2022/10/1, 14, 5, 1, 2, 3
2022/10/2, 22, 3, 3, 2, 3
2022/10/3, 12, 6, 4, 1, 3
2022/10/4, 18, 15, 6, 6, 4
2022/10/5, 35, 19, 8, 1, 4
2022/10/6, 43, 21, 8, 1, 5
2022/10/7, 49, 16, 5, 2, 4
2022/10/8, 47, 15, 4, 1, 3
2022/10/9, 43, 14, 8, 1, 4
2022/10/10, 33, 21, 7, 1, 4
2022/10/11, 50, 20, 4, 1, 4
2022/10/12, 54, 21, 8, 1, 4
2022/10/13, 53, 24, 7, 2, 5
2022/10/14, 60, 19, 4, 3, 5
2022/10/15, 54, 20, 4, 3, 4
2022/10/16, 57, 27, 9, 1, 4
2022/10/17, 66, 19, 8, 2, 5
2022/10/18, 48, 13, 6, 2, 4
2022/10/19, 40, 15, 9, 2, 3
2022/10/20, 41, 16, 8, 2, 4
2022/10/21, 45, 21, 8, 3, 5
2022/10/22, 61, 8, 5, 2, 4
2022/10/23, 29, 21, 11, 3, 5
2022/10/24, 51, 16, 5, 3, 5
2022/10/25, 44, 15, 9, 2, 5
2022/10/26, 38, 16, 10, 2, 5
2022/10/27, 49, 21, 11, 2, 5
2022/10/28, 52, 11, 4, 2, 4
2022/10/29, 34, 14, 4, 3, 4
2022/10/30, 42, 23, 8, 3, 5
2022/10/31, 55, 13, 4, 3, 4
2022/11/1, 34, 17, 8, 3, 5
2022/11/2, 45, 19, 10, 3, 5
2022/11/3, 51, 22, 7, 5, 6
2022/11/4, 63, 14, 7, 4, 5
2022/11/5, 46, 7, 2, 4, 4
2022/11/6, 23, 9, 6, 4, 5
2022/11/7, 35, 11, 6, 3, 5
2022/11/8, 36, 12, 5, 4, 4
2022/11/9, 44, 21, 8, 3, 5
2022/11/10, 61, 25, 12, 2, 6
2022/11/11, 63, 24, 10, 2, 8
2022/11/12, 65, 22, 8, 3, 7
2022/11/13, 61, 23, 11, 3, 5
2022/11/14, 61, 30, 14, 4, 5
2022/11/15, 69, 23, 9, 6, 5
2022/11/16, 69, 6, 3, 6, 3
2022/11/17, 21, 12, 5, 6, 2
2022/11/18, 45, 15, 4, 5, 2
2022/11/19, 54, 19, 6, 5, 3
2022/11/20, 63, 26, 14, 5, 4
2022/11/21, 77, 23, 9, 6, 3
2022/11/22, 69, 37, 14, 6, 3
2022/11/23, 105, 29, 7, 5, 4
2022/11/24, 90, 11, 8, 4, 4
2022/11/25, 42, 18, 10, 4, 4
2022/11/26, 59, 16, 4, 3, 4
2022/11/27, 58, 13, 7, 4, 4
2022/11/28, 46, 22, 12, 4, 4
2022/11/29, 71, 36, 16, 3, 7
2022/11/30, 96, 21, 4, 4, 4
2022/12/1, 72, 31, 6, 4, 3
2022/12/2, 91, 29, 7, 4, 6
2022/12/3, 91, 24, 9, 4, 5
2022/12/4, 76, 16, 6, 13, 6
2022/12/5, 58, 11, 7, 5, 4
2022/12/6, 37, 7, 7, 6, 5
2022/12/7, 28, 14, 10, 6, 5
2022/12/8, 50, 17, 10, 6, 6
2022/12/9, 59, 15, 6, 7, 6
2022/12/10, 57, 7, 5, 7, 4
2022/12/11, 29, 13, 8, 7, 4
2022/12/12, 56, 25, 17, 6, 7
2022/12/13, 77, 25, 13, 3, 5
2022/12/14, 74, 23, 10, 2, 4
2022/12/15, 76, 25, 12, 2, 6
2022/12/16, 82, 31, 12, 1, 3
2022/12/17, 100, 39, 14, , 4
2022/12/18, 111, 31, 17, , 7
2022/12/19, 79, 14, 9, 1, 2
2022/12/20, 52, 25, 16, 2, 2
2022/12/21, 79, 37, 13, 3, 3
2022/12/22, 109, 18, 11, 2, 4
2022/12/23, 63, 10, 4, 2, 5
2022/12/24, 43, 16, 8, , 3
2022/12/25, 53, 14, 5, 1, 4
2022/12/26, 50, 7, 4, 1, 3
2022/12/27, 26, 8, 7, , 3
2022/12/28, 29, 12, 6, 2, 2
2022/12/29, 40, 27, 11, 1, 2
2022/12/30, 81, 7, 2, 1, 3
2022/12/31, 27, 30, 6, , 4
2023/1/1, 87, 21, 11, 1, 4
2022/7/1, 62, 14, 2, , 3
2022/7/2, 42, 12, 1, , 2
2022/7/3, 43, 14, 3, , 3
2022/7/4, 47, 16, 4, 1, 3
2022/7/5, 51, 9, 2, , 2
2022/7/6, 36, 13, 3, 1, 2
2022/7/7, 39, 12, 3, 1, 2
2022/7/8, 39, 9, 2, 1, 2
2022/7/9, 35, 7, 2, 1, 2
2022/7/10, 23, 6, 2, 2, 2
2022/7/11, 20, 6, 1, 1, 2
2022/7/12, 17, 9, 2, 1, 2
2022/7/13, 25, 14, 5, 1, 2
2022/7/14, 45, 11, 2, 2, 2
2022/7/15, 35, 11, 2, 1, 2
2022/7/16, 34, 6, 2, 1, 2
2022/7/17, 20, 9, 3, 1, 2
2022/7/18, 26, 13, 3, 1, 2
2022/7/19, 40, 18, 3, 2, 2
2022/7/20, 51, 19, 4, 2, 3
2022/7/21, 52, 23, 5, 2, 3
2022/7/22, 57, 21, 3, 2, 3
2022/7/23, 59, 15, 2, 2, 3
2022/7/24, 52, 14, 4, 2, 2
2022/7/25, 48, 19, 6, 3, 3
2022/7/26, 56, 14, 2, 2, 2
2022/7/27, 44, 14, 2, 2, 3
2022/7/28, 47, 16, 5, 3, 3
2022/7/29, 50, 10, 3, 3, 3
2022/7/30, 34, 5, 2, 3, 2
2022/7/31, 18, 13, 4, 3, 2
2022/8/1, 41, 15, 3, 2, 3
2022/8/2, 48, 19, 3, 2, 3
2022/8/3, 57, 17, 3, 2, 2
2022/8/4, 54, 21, 5, 3, 3
2022/8/5, 59, 20, 2, 3, 3
2022/8/6, 59, 9, 1, 2, 2
2022/8/7, 28, 13, 3, 3, 2
2022/8/8, 38, 15, 2, 3, 2
2022/8/9, 40, 13, 2, 2, 2
2022/8/10, 40, 10, 3, 3, 2
2022/8/11, 29, 14, 4, 3, 2
2022/8/12, 47, 11, 2, 4, 3
2022/8/13, 41, 12, 2, 4, 3
2022/8/14, 40, 16, 5, 4, 3
2022/8/15, 46, 14, 4, 4, 3
2022/8/16, 47, 24, 3, 4, 3
2022/8/17, 64, 28, 5, 4, 3
2022/8/18, 73, 27, 7, 4, 4
2022/8/19, 67, 23, 4, 4, 3
2022/8/20, 57, 19, 4, 4, 3
2022/8/21, 48, 10, 2, 4, 3
2022/8/22, 30, 9, 4, 3, 3
2022/8/23, 28, 36, 3, 4, 3
2022/8/24, 56, 49, 4, 4, 3
2022/8/25, 74, 31, 5, 4, 3
2022/8/26, 70, 20, 3, 5, 3
2022/8/27, 50, 12, 3, 4, 3
2022/8/28, 34, 17, 3, 4, 3
2022/8/29, 50, 14, 2, 4, 3
2022/8/30, 41, 10, 2, 4, 3
2022/8/31, 34, 7, 1, 5, 2
2022/9/1, 21, 9, 3, 5, 2
2022/9/2, 25, 9, 1, 5, 2
2022/9/3, 26, 11, 3, 4, 2
2022/9/4, 37, 13, 3, 4, 3
2022/9/5, 41, 16, 6, 5, 3
2022/9/6, 47, 14, 5, 5, 3
2022/9/7, 48, 21, 5, 7, 3
2022/9/8, 59, 11, 4, 5, 3
2022/9/9, 37, 7, 2, 6, 3
2022/9/10, 25, 5, 2, 6, 3
2022/9/11, 23, 8, 5, 6, 3
2022/9/12, 25, 9, 4, 6, 3
2022/9/13, 28, 12, 7, 7, 4
2022/9/14, 32, 6, 2, 7, 3
2022/9/15, 22, 20, 4, 7, 3
2022/9/16, 52, 9, 2, 7, 3
2022/9/17, 29, 4, 1, 7, 3
2022/9/18, 17, 3, 3, 7, 3
2022/9/19, 10, 4, 4, 6, 3
2022/9/20, 13, 6, 5, 6, 3
2022/9/21, 21, 7, 5, 1, 3
2022/9/22, 21, 11, 5, 1, 3
2022/9/23, 31, 10, 4, 1, 4
2022/9/24, 31, 15, 4, 1, 4
2022/9/25, 45, 9, 6, 2, 4
2022/9/26, 31, 10, 5, 3, 3
2022/9/27, 29, 6, 3, 3, 3
2022/9/28, 15, 43, 4, 3, 4
2022/9/29, 26, 7, 6, 2, 4
2022/9/30, 34, 5, 3, 2, 4
2022/4/1, 17, 10, 4, 1, 2
2022/4/2, 38, 13, 5, , 2
2022/4/3, 45, 13, 5, , 1
2022/4/4, 46, 9, 6, 1, 2
2022/4/5, 31, 7, 4, 1, 3
2022/4/6, 23, 19, 11, 2, 3
2022/4/7, 50, 7, 4, 2, 1
2022/4/8, 22, 5, 4, 2, 2
2022/4/9, 18, 10, 6, 1, 2
2022/4/10, 30, 7, 6, , 2
2022/4/11, 21, 16, 8, , 2
2022/4/12, 46, 20, 10, , 2
2022/4/13, 57, 20, 10, , 3
2022/4/14, 57, 21, 9, 1, 2
2022/4/15, 57, 6, 2, , 2
2022/4/16, 22, 6, 1, , 1
2022/4/17, 19, 9, 4, 1, 2
2022/4/18, 34, 14, 6, 1, 2
2022/4/19, 46, 14, 6, 1, 2
2022/4/20, 46, 21, 9, 1, 3
2022/4/21, 58, 20, 8, 2, 3
2022/4/22, 57, 10, 2, 2, 2
2022/4/23, 40, 11, 4, 2, 3
2022/4/24, 37, 9, 10, 2, 2
2022/4/25, 24, 10, 5, 2, 2
2022/4/26, 37, 15, 4, 1, 2
2022/4/27, 50, 15, 3, 1, 2
2022/4/28, 47, 24, 6, 1, 2
2022/4/29, 62, 21, 4, 1, 2
2022/4/30, 62, 18, 5, 1, 2
2022/5/1, 56, 18, 6, 2, 2
2022/5/2, 55, 16, 7, 2, 2
2022/5/3, 50, 17, 6, 2, 2
2022/5/4, 57, 12, 7, 2, 2
2022/5/5, 40, 13, 7, 2, 2
2022/5/6, 42, 14, 4, 2, 2
2022/5/7, 49, 13, , 2, 2
2022/5/8, 41, 13, , 2, 2
2022/5/9, 43, 15, , 2, 2
2022/5/10, 45, 18, , 2, 2
2022/5/11, 49, 22, 5, 2, 2
2022/5/12, 64, 18, 7, 3, 2
2022/5/13, 50, 15, 3, 3, 2
2022/5/14, 52, 17, 2, 3, 2
2022/5/15, 51, 15, 3, 2, 1
2022/5/16, 48, 14, 6, 3, 2
2022/5/17, 42, 9, 2, 2, 2
2022/5/18, 37, 12, 5, 2, 1
2022/5/19, 45, 18, 5, 3, 2
2022/5/20, 63, 11, 2, 3, 2
2022/5/21, 56, 8, 2, 4, 1
2022/5/22, 27, 9, 1, 4, 2
2022/5/23, 44, 14, 3, 4, 2
2022/5/24, 44, 16, 4, 4, 2
2022/5/25, 47, 10, 3, 3, 1
2022/5/26, 38, 11, 2, 3, 2
2022/5/27, 36, 7, 2, 4, 1
2022/5/28, 27, 8, 3, 4, 1
2022/5/29, 22, 8, 2, 4, 2
2022/5/30, 27, 12, 3, 3, 2
2022/5/31, 39, 14, 6, 4, 2
2022/6/1, 45, 13, 5, 4, 2
2022/6/2, 43, 17, 5, 3, 2
2022/6/3, 54, 15, 5, 4, 2
2022/6/4, 49, 14, 2, 4, 2
2022/6/5, 51, 14, 5, 4, 2
2022/6/6, 48, 16, 4, 4, 2
2022/6/7, 49, 16, 7, 4, 2
2022/6/8, 51, 12, 4, 5, 2
2022/6/9, 40, 11, 3, 4, 3
2022/6/10, 38, 14, 2, 4, 3
2022/6/11, 49, 11, 2, 5, 2
2022/6/12, 41, 13, 4, , 2
2022/6/13, 45, 11, 3, , 2
2022/6/14, 32, 13, 2, , 2
2022/6/15, 40, 17, 3, 6, 2
2022/6/16, 48, 13, 2, 6, 2
2022/6/17, 46, 17, 3, 6, 2
2022/6/18, 49, 17, 3, 6, 2
2022/6/19, 52, 20, 4, 7, 2
2022/6/20, 51, 13, 3, 4, 2
2022/6/21, 37, 9, 2, 1, 2
2022/6/22, 32, 14, 3, 1, 2
2022/6/23, 45, 13, 4, , 2
2022/6/24, 43, 13, 5, , 2
2022/6/25, 40, 16, 2, 1, 3
2022/6/26, 53, 18, 5, , 3
2022/6/27, 54, 18, 5, , 3
2022/6/28, 52, 23, 5, 1, 3
2022/6/29, 61, 23, 6, 1, 3
2022/6/30, 65, 24, 6, 1, 3
2022/1/3, 14, 4, 4, 2, 
2022/1/4, 14, 7, 6, 3, 5
2022/1/5, 22, 5, 3, 2, 3
2022/1/6, 20, 13, 12, 1, 4
2022/1/7, 36, 22, 14, 1, 6
2022/1/8, 58, 30, 11, 2, 6
2022/1/9, 85, 20, 9, 2, 5
2022/1/10, 55, 12, 2, , 2
2022/1/11, 43, 24, 11, , 4
2022/1/12, 72, 17, 9, , 6
2022/1/13, 55, 22, 7, 1, 5
2022/1/14, 65, 10, 7, 1, 4
2022/1/15, 31, 23, 10, 1, 6
2022/1/16, 60, 9, 5, 2, 5
2022/1/17, 30, 10, 8, 1, 3
2022/1/18, 33, 22, 15, 1, 6
2022/1/19, 63, 8, 5, 2, 4
2022/1/20, 35, 6, 4, 2, 4
2022/1/21, 17, 8, 8, 2, 3
2022/1/22, 28, 15, 11, 2, 2
2022/1/23, 50, 25, 16, , 5
2022/1/24, 72, 19, 12, 2, 7
2022/1/25, 63, 8, 8, 2, 10
2022/1/26, 39, 11, 7, 2, 9
2022/1/27, 57, 5, 6, 2, 5
2022/1/28, 40, 5, 6, 2, 3
2022/1/29, 47, 3, 2, 3, 3
2022/1/30, 34, 15, 10, 3, 4
2022/1/31, 44, 17, 16, 3, 5
2022/2/1, 47, 5, 8, 4, 5
2022/2/2, 19, 6, 9, 2, 4
2022/2/3, 23, 15, 15, 3, 6
2022/2/4, 46, 8, 5, 3, 4
2022/2/5, 28, 6, 4, 3, 4
2022/2/6, 20, 4, 7, 4, 3
2022/2/7, 12, 5, 6, 2, 4
2022/2/8, 16, 5, 8, 2, 6
2022/2/9, 17, 14, 11, 3, 9
2022/2/10, 47, 15, 11, 3, 6
2022/2/11, 47, 11, 6, 2, 4
2022/2/12, 35, 12, 6, 2, 5
2022/2/13, 40, 20, 6, 4, 5
2022/2/14, 61, 21, 9, 4, 5
2022/2/15, 64, 18, 8, 4, 5
2022/2/16, 55, 3, 4, 5, 3
2022/2/17, 17, 6, 6, 4, 3
2022/2/18, 16, 6, 4, 4, 4
2022/2/19, 19, 6, 6, 5, 5
2022/2/20, 19, 5, 7, 5, 4
2022/2/21, 17, 6, 7, 5, 5
2022/2/22, 20, 9, 6, 4, 4
2022/2/23, 27, 12, 10, 3, 5
2022/2/24, 33, 16, 7, 4, 5
2022/2/25, 40, 13, 6, 3, 5
2022/2/26, 43, 16, 2, 3, 5
2022/2/27, 53, 10, 2, 3, 3
2022/2/28, 37, 14, 3, 3, 4
2022/3/1, 41, 23, 7, 4, 4
2022/3/2, 61, 33, 9, 5, 5
2022/3/3, 86, 31, 8, 5, 4
2022/3/4, 81, 16, 3, 4, 4
2022/3/5, 55, 14, 2, 4, 3
2022/3/6, 50, 19, 2, 5, 4
2022/3/7, 60, 15, 7, 4, 4
2022/3/8, 50, 18, 11, 5, 4
2022/3/9, 55, 13, 2, 4, 4
2022/3/10, 45, 15, 9, 3, 4
2022/3/11, 48, 18, 11, 4, 5
2022/3/12, 55, 19, 10, 4, 6
2022/3/13, 54, 27, 17, 4, 6
2022/3/14, 65, 29, 14, 5, 7
2022/3/15, 72, 25, 12, 5, 6
2022/3/16, 76, 36, 13, 4, 6
2022/3/17, 94, 31, 12, 3, 5
2022/3/18, 79, 24, 6, 3, 5
2022/3/19, 69, 27, 9, 3, 5
2022/3/20, 73, 28, 13, 3, 6
2022/3/21, 71, 29, 14, 4, 6
2022/3/22, 69, 22, 11, 4, 6
2022/3/23, 52, 26, 7, 5, 5
2022/3/24, 59, 21, 10, 6, 5
2022/3/25, 51, 24, 7, 5, 5
2022/3/26, 57, 10, 3, 4, 4
2022/3/27, 32, 20, 12, 6, 5
2022/3/28, 49, 25, 12, 7, 5
2022/3/29, 60, 21, 7, 8, 6
2022/3/30, 54, 14, 8, 4, 3
2022/3/31, 39, 4, 3, 1, 2
2021/12/28, 105, 36, 21, 3, 9
2021/12/29, 104, 26, 17, 1, 10
2021/12/30, 73, 17, 8, 1, 9
2021/12/31, 56, 6, 5, 1, 12
2022/1/1, 26, 6, 7, 1, 
2022/1/2, 21, 5, 5, 1, 
2024/12/31, , 15, 4, 2, 6
2021/12/27, , 37, 25, 2, 12